eps,n_clusters,n_noise,noise_pct,score
0.29,5,119,0.7933333333333334,70
0.39,6,73,0.4866666666666667,60
0.49,8,43,0.2866666666666667,70
0.59,3,38,0.2533333333333333,70
0.73,2,24,0.16,45
