eps,n_clusters,n_noise,noise_pct,score
0.47,1,116,0.7733333333333333,45
0.63,2,84,0.5599999999999999,80
0.79,1,37,0.24666666666666665,55
0.94,1,29,0.19333333333333333,10
1.18,1,22,0.14666666666666667,10
